{
  "pools": [
    {
      "rolls": 1,
      "entries": [
        {
          "type": "minecraft:item",
          "name": "minecraft:written_book"
        }
      ],
      "functions": [
        {
          "function": "minecraft:set_nbt",
          "tag": "{'pages': ['[\"\",{\"text\":\"\\\\n\\\\n\\\\n\\\\n\\\\n\"},{\"text\":\"     [\",\"color\":\"#002776\",\"clickEvent\":{\"action\":\"open_url\",\"value\":\"https://youtu.be/qjCoE_4gyz0\"}},{\"text\":\" \",\"color\":\"reset\",\"clickEvent\":{\"action\":\"open_url\",\"value\":\"https://youtu.be/qjCoE_4gyz0\"}},{\"text\":\"Brazil\",\"color\":\"#009C3B\",\"clickEvent\":{\"action\":\"open_url\",\"value\":\"https://youtu.be/qjCoE_4gyz0\"}},{\"text\":\" \",\"color\":\"reset\",\"clickEvent\":{\"action\":\"open_url\",\"value\":\"https://youtu.be/qjCoE_4gyz0\"}},{\"text\":\"Man\",\"color\":\"gold\",\"clickEvent\":{\"action\":\"open_url\",\"value\":\"https://youtu.be/qjCoE_4gyz0\"}},{\"text\":\" \",\"color\":\"reset\",\"clickEvent\":{\"action\":\"open_url\",\"value\":\"https://youtu.be/qjCoE_4gyz0\"}},{\"text\":\"]\",\"color\":\"#002776\",\"clickEvent\":{\"action\":\"open_url\",\"value\":\"https://youtu.be/qjCoE_4gyz0\"}},{\"text\":\"\\\\n\",\"color\":\"reset\"},{\"text\":\"       by catter1\",\"italic\":true,\"color\":\"#002776\"}]', '[\"\",{\"text\":\"Brazil man, take me by the hand\",\"color\":\"gold\"},{\"text\":\"\\\\n\",\"color\":\"reset\"},{\"text\":\"And install the pack, won\\'t you understand\",\"color\":\"#009C3B\"},{\"text\":\" Brazil man, the voyage to the corner of the Realm\",\"color\":\"gold\"},{\"text\":\"\\\\n\",\"color\":\"reset\"},{\"text\":\"Is a real trip\",\"color\":\"#009C3B\"},{\"text\":\"\\\\n\",\"color\":\"reset\"},{\"text\":\"Brazil man, the poor soul that is just asking for some help\",\"color\":\"gold\"},{\"text\":\"\\\\n\",\"color\":\"reset\"},{\"text\":\"Flooding general with angry caps\",\"color\":\"#009C3B\"}]', '[\"\",{\"text\":\"Brazil man, everyone tryin\\' to help you is monkey\",\"color\":\"#009C3B\"},{\"text\":\"\\\\n\",\"color\":\"reset\"},{\"text\":\"And they are so wrong\",\"color\":\"gold\"},{\"text\":\" Brazil man, he has lots of Bolsonaro hate, but he\",\"color\":\"#009C3B\"},{\"text\":\"\\\\n\",\"color\":\"reset\"},{\"text\":\"Wants to talk to Notch \",\"color\":\"gold\"},{\"text\":\"Brazil man, who\\'s story will be told as long as we exist\",\"color\":\"#009C3B\"},{\"text\":\"\\\\n\",\"color\":\"reset\"},{\"text\":\"\\'Nother legend cast in the stone\",\"color\":\"gold\"}]', '[\"\",{\"text\":\"\\\\u266a \\\\u266c \\\\u266b \\\\u2669\\\\n\\\\n\"},{\"text\":\"Brazil man\",\"color\":\"#009C3B\"},{\"text\":\"\\\\n\\\\n\\\\u266a \\\\u266c \\\\u266b \\\\u2669\\\\n\\\\n\",\"color\":\"reset\"},{\"text\":\"Brazil man\",\"color\":\"gold\"},{\"text\":\"\\\\n\\\\n\\\\u266a \\\\u266c \\\\u266b \\\\u2669\\\\n\\\\n\",\"color\":\"reset\"},{\"text\":\"Brazil man\",\"color\":\"#002776\"},{\"text\":\"\\\\n\\\\n\\\\u266a \\\\u266c \\\\u266b \\\\u2669\",\"color\":\"reset\"}]', '[\"\",{\"text\":\"Homem Brasil, pegue pela m\u00e3o\",\"color\":\"gold\"},{\"text\":\"\\\\n\",\"color\":\"reset\"},{\"text\":\"Mostre o pacote, que voc\u00ea sabe\",\"color\":\"#009C3B\"},{\"text\":\"\\\\n\",\"color\":\"reset\"},{\"text\":\"Homem Brasil, a viagem ao canto do Reino\",\"color\":\"gold\"},{\"text\":\"\\\\n\",\"color\":\"reset\"},{\"text\":\"T\u00e3o m\u00e1gico\",\"color\":\"#009C3B\"},{\"text\":\"\\\\n\",\"color\":\"reset\"},{\"text\":\"Brazil man, the poor soul that is just asking for some help\",\"color\":\"gold\"},{\"text\":\"\\\\n\",\"color\":\"reset\"},{\"text\":\"Flooding general with angry caps\",\"color\":\"#009C3B\"}]', '[\"\",{\"text\":\"Brazil man, everyone tryin\\' to help you is monkey\",\"color\":\"#009C3B\"},{\"text\":\"\\\\n\",\"color\":\"reset\"},{\"text\":\"And they are so wrong \",\"color\":\"gold\"},{\"text\":\"Brazil man, he has lots of Bolsonaro hate, but he\",\"color\":\"#009C3B\"},{\"text\":\"\\\\n\",\"color\":\"reset\"},{\"text\":\"Wants to talk to Notch \",\"color\":\"gold\"},{\"text\":\"Brazil man, who\\'s story will be told as long as we exist\",\"color\":\"#009C3B\"},{\"text\":\"\\\\n\",\"color\":\"reset\"},{\"text\":\"\\'Nother legend cast in the stone\",\"color\":\"gold\"}]'], 'title': '\u266a Brazil Man \u266b', 'author': 'catter1', 'display': {'Name': '[{\"text\":\"\u266a Bra\",\"color\":\"#19c737\"},{\"text\":\"zil M\",\"color\":\"gold\"},{\"text\":\"an \u266b\",\"color\":\"#2351c8\"}]', 'Lore': ['A tale to be told']}}"
        }
      ]
    }
  ]
}
